{
  "2024-11": 0.82,
  "2024-12": 0.82,
  "2025-03": 0.8266318721506991,
  "2025-04": 0.8580783022228793,
  "2025-05": 0.8756892686718367,
  "2025-06": 0.8372806033735043,
  "2025-07": 0.7709496345553161,
  "2025-08": 0.8110797693670843,
  "2025-09": 0.7672355042569442,
  "2025-10": 0.7510805279962002,
  "2026-01": 0.7822781801731362
}